date,mean_temp_f,max_temp_f,source_of_day
2025-03-12,75.9,109.0,enphase_xlsx
2025-03-13,79.9,108.0,enphase_xlsx
2025-03-14,80.1,112.0,enphase_xlsx
2025-03-15,72.9,98.0,enphase_xlsx
2025-03-16,69.2,101.0,enphase_xlsx
2025-03-17,70.2,96.0,enphase_xlsx
2025-03-18,72.5,94.0,enphase_xlsx
2025-03-19,72.2,97.0,enphase_xlsx
2025-03-20,60.5,85.0,enphase_xlsx
2025-03-21,64.8,88.0,enphase_xlsx
2025-03-22,71.6,95.0,enphase_xlsx
2025-03-23,74.0,90.0,enphase_xlsx
2025-03-24,74.4,101.0,enphase_xlsx
2025-03-25,79.7,106.0,enphase_xlsx
2025-03-26,72.2,87.0,enphase_xlsx
2025-03-27,64.2,67.0,enphase_xlsx
2025-03-28,66.0,73.0,enphase_xlsx
2025-03-29,76.3,99.0,enphase_xlsx
2025-03-30,74.2,83.0,enphase_xlsx
2025-03-31,73.3,92.0,enphase_xlsx
2025-04-01,73.1,84.0,enphase_xlsx
2025-04-02,77.4,88.0,enphase_xlsx
2025-04-03,80.0,96.0,enphase_xlsx
2025-04-04,74.8,91.0,enphase_xlsx
2025-04-05,58.9,65.0,enphase_xlsx
2025-04-06,51.8,64.0,enphase_xlsx
2025-04-07,60.2,93.0,enphase_xlsx
2025-04-08,67.4,96.0,enphase_xlsx
2025-04-09,72.8,98.0,enphase_xlsx
2025-04-10,78.5,106.0,enphase_xlsx
2025-04-11,77.0,101.0,enphase_xlsx
2025-04-12,77.9,101.0,enphase_xlsx
2025-04-13,78.4,101.0,enphase_xlsx
2025-04-14,78.8,104.0,enphase_xlsx
2025-04-15,73.7,81.0,enphase_xlsx
2025-04-16,74.3,92.0,enphase_xlsx
2025-04-17,76.3,96.0,enphase_xlsx
2025-04-18,78.9,99.0,enphase_xlsx
2025-04-19,75.0,84.0,enphase_xlsx
2025-04-20,76.1,101.0,enphase_xlsx
2025-04-21,75.8,99.0,enphase_xlsx
2025-04-22,78.1,93.0,enphase_xlsx
2025-04-23,76.3,96.0,enphase_xlsx
2025-04-24,75.3,92.0,enphase_xlsx
2025-04-25,75.3,89.0,enphase_xlsx
2025-04-26,77.7,95.0,enphase_xlsx
2025-04-27,77.4,88.0,enphase_xlsx
2025-04-28,77.5,86.0,enphase_xlsx
2025-04-29,78.5,93.0,enphase_xlsx
2025-04-30,79.5,91.0,enphase_xlsx
2025-05-01,81.6,102.0,enphase_xlsx
2025-05-02,71.9,88.0,enphase_xlsx
2025-05-03,72.1,90.0,enphase_xlsx
2025-05-04,72.2,91.0,enphase_xlsx
2025-05-05,65.9,76.0,enphase_xlsx
2025-05-06,70.8,85.0,enphase_xlsx
2025-05-07,74.2,90.0,enphase_xlsx
2025-05-08,74.9,94.0,enphase_xlsx
2025-05-09,75.0,92.0,enphase_xlsx
2025-05-10,73.6,88.0,enphase_xlsx
2025-05-11,75.8,99.0,enphase_xlsx
2025-05-12,79.0,106.0,enphase_xlsx
2025-05-13,85.1,101.0,enphase_xlsx
2025-05-14,86.8,105.0,enphase_xlsx
2025-05-15,86.0,104.0,enphase_xlsx
2025-05-16,87.2,104.0,enphase_xlsx
2025-05-17,87.5,99.0,enphase_xlsx
2025-05-18,84.3,98.0,enphase_xlsx
2025-05-19,81.9,89.0,enphase_xlsx
2025-05-20,87.1,110.0,enphase_xlsx
2025-05-21,82.9,102.0,enphase_xlsx
2025-05-22,86.9,108.0,enphase_xlsx
2025-05-23,84.2,104.0,enphase_xlsx
2025-05-24,87.0,105.0,enphase_xlsx
2025-05-25,85.9,100.0,enphase_xlsx
2025-05-26,78.6,90.0,enphase_xlsx
2025-05-27,80.1,105.0,enphase_xlsx
2025-05-28,79.0,98.0,enphase_xlsx
2025-05-29,80.2,96.0,enphase_xlsx
2025-05-30,76.5,88.0,enphase_xlsx
2025-05-31,80.7,95.0,enphase_xlsx
2025-06-01,86.2,102.0,enphase_xlsx
2025-06-02,84.3,96.0,enphase_xlsx
2025-06-03,83.2,94.0,enphase_xlsx
2025-06-04,82.6,95.0,enphase_xlsx
2025-06-05,85.1,103.0,enphase_xlsx
2025-06-06,86.1,103.0,enphase_xlsx
2025-06-07,87.1,104.0,enphase_xlsx
2025-06-08,87.5,106.0,enphase_xlsx
2025-06-09,85.3,103.0,enphase_xlsx
2025-06-10,82.2,98.0,enphase_xlsx
2025-06-11,78.0,89.0,enphase_xlsx
2025-06-12,75.0,85.0,enphase_xlsx
2025-06-13,82.4,96.0,enphase_xlsx
2025-06-14,85.1,98.0,enphase_xlsx
2025-06-15,80.1,100.0,enphase_xlsx
2025-06-16,83.1,102.0,enphase_xlsx
2025-06-17,84.8,101.0,enphase_xlsx
2025-06-18,85.4,95.0,enphase_xlsx
2025-06-19,86.9,97.0,enphase_xlsx
2025-06-20,86.3,97.0,enphase_xlsx
2025-06-21,85.0,95.0,enphase_xlsx
2025-06-23,85.8,96.0,enphase_xlsx
2025-06-24,84.2,96.0,enphase_xlsx
2025-06-25,82.7,98.0,enphase_xlsx
2025-06-26,84.0,106.0,enphase_xlsx
2025-06-27,86.5,104.0,enphase_xlsx
2025-06-28,86.7,99.0,enphase_xlsx
2025-06-29,84.8,102.0,enphase_xlsx
2025-06-30,82.4,95.0,enphase_xlsx
2025-07-01,84.5,94.0,enphase_xlsx
2025-07-02,82.4,95.0,enphase_xlsx
2025-07-03,78.9,90.0,enphase_xlsx
2025-07-04,76.6,82.0,enphase_xlsx
2025-07-05,75.5,78.0,enphase_xlsx
2025-07-06,78.1,90.0,enphase_xlsx
2025-07-07,81.6,93.0,enphase_xlsx
2025-07-08,83.8,97.0,enphase_xlsx
2025-07-09,79.2,88.0,enphase_xlsx
2025-07-10,83.6,99.0,enphase_xlsx
2025-07-11,83.1,99.0,enphase_xlsx
2025-07-12,85.0,100.0,enphase_xlsx
2025-07-13,77.0,82.0,enphase_xlsx
2025-07-14,83.5,99.0,enphase_xlsx
2025-07-15,85.3,96.0,enphase_xlsx
2025-07-16,85.7,96.0,enphase_xlsx
2025-07-17,85.6,102.0,enphase_xlsx
2025-07-18,86.5,102.0,enphase_xlsx
2025-07-19,85.0,93.0,enphase_xlsx
2025-07-20,83.9,93.0,enphase_xlsx
2025-07-21,85.2,99.0,enphase_xlsx
2025-07-28,86.6,103.0,enphase_xlsx
2025-07-29,88.8,108.0,enphase_xlsx
2025-07-30,90.6,112.0,enphase_xlsx
2025-07-31,91.3,110.0,enphase_xlsx
2025-08-01,89.1,110.0,enphase_xlsx
2025-08-02,86.8,109.0,enphase_xlsx
2025-08-03,88.3,109.0,enphase_xlsx
2025-08-04,83.9,91.0,enphase_xlsx
2025-08-12,88.5,101.0,enphase_xlsx
2025-08-13,85.2,99.0,enphase_xlsx
2025-08-14,89.4,103.0,enphase_xlsx
2025-08-15,87.0,99.0,enphase_xlsx
2025-08-16,86.7,101.0,enphase_xlsx
2025-08-17,89.3,102.0,enphase_xlsx
2025-08-18,90.6,104.0,enphase_xlsx
2025-08-19,88.0,102.0,enphase_xlsx
2025-08-20,86.0,102.0,enphase_xlsx
2025-08-21,82.0,104.0,enphase_xlsx
2025-08-22,83.8,99.0,enphase_xlsx
2025-08-23,86.0,100.0,enphase_xlsx
2025-08-24,88.3,101.0,enphase_xlsx
2025-08-25,87.7,101.0,enphase_xlsx
2025-08-26,85.8,100.0,enphase_xlsx
2025-08-27,85.4,99.0,enphase_xlsx
2025-08-28,89.6,104.0,enphase_xlsx
2025-08-29,88.7,109.0,enphase_xlsx
2025-08-30,85.7,106.0,enphase_xlsx
2025-08-31,81.4,94.0,enphase_xlsx
2025-09-01,81.3,97.0,enphase_xlsx
2025-09-02,85.2,101.0,enphase_xlsx
2025-09-03,87.0,103.0,enphase_xlsx
2025-09-04,88.4,109.0,enphase_xlsx
2025-09-05,89.2,103.0,enphase_xlsx
2025-09-06,77.9,85.0,enphase_xlsx
2025-09-07,73.5,76.0,enphase_xlsx
2025-09-08,78.9,97.0,enphase_xlsx
2025-09-09,80.8,104.0,enphase_xlsx
2025-09-10,83.6,108.0,enphase_xlsx
2025-09-11,85.4,107.0,enphase_xlsx
2025-09-12,85.8,104.0,enphase_xlsx
2025-09-14,85.2,107.0,enphase_xlsx
2025-09-15,85.5,106.0,enphase_xlsx
2025-09-16,85.0,104.0,enphase_xlsx
2025-09-17,85.5,102.0,enphase_xlsx
2025-09-18,85.2,103.0,enphase_xlsx
2025-09-26,83.2,109.0,enphase_xlsx
2025-09-27,84.0,109.0,enphase_xlsx
2025-09-28,82.5,100.0,enphase_xlsx
2025-09-29,82.5,105.0,enphase_xlsx
2025-09-30,85.4,109.0,enphase_xlsx
2025-10-01,85.9,109.0,enphase_xlsx
2025-10-02,85.9,107.0,enphase_xlsx
2025-10-03,85.5,108.0,enphase_xlsx
2025-10-04,82.7,100.0,enphase_xlsx
2025-10-05,82.2,102.0,enphase_xlsx
2025-10-06,83.2,97.0,enphase_xlsx
2025-10-07,84.0,100.0,enphase_xlsx
2025-10-08,83.3,98.0,enphase_xlsx
2025-10-09,83.9,104.0,enphase_xlsx
2025-10-10,82.8,106.0,enphase_xlsx
2025-10-11,81.9,108.0,enphase_xlsx
2025-10-12,81.5,103.0,enphase_xlsx
2025-10-13,81.0,106.0,enphase_xlsx
2025-10-14,80.0,94.0,enphase_xlsx
2025-10-15,82.1,110.0,enphase_xlsx
2025-10-16,77.4,96.0,enphase_xlsx
2025-10-17,80.6,95.0,enphase_xlsx
2025-10-19,76.3,94.0,enphase_xlsx
2025-10-20,80.0,102.0,enphase_xlsx
2025-10-21,80.6,102.0,enphase_xlsx
2025-10-22,76.6,101.0,enphase_xlsx
2025-10-23,79.8,98.0,enphase_xlsx
2025-10-24,78.7,91.0,enphase_xlsx
2025-10-25,70.2,86.0,enphase_xlsx
2025-10-26,73.4,95.0,enphase_xlsx
2025-10-27,78.6,102.0,enphase_xlsx
2025-10-28,76.5,98.0,enphase_xlsx
2025-10-29,63.7,86.0,enphase_xlsx
2025-10-30,62.6,95.0,enphase_xlsx
2025-10-31,65.9,96.0,enphase_xlsx
2025-11-01,58.8,70.0,enphase_xlsx
2025-11-02,63.8,92.0,enphase_xlsx
2025-11-03,68.8,96.0,enphase_xlsx
2025-11-04,70.4,96.0,enphase_xlsx
2025-11-05,73.7,100.0,enphase_xlsx
2025-11-06,75.4,100.0,enphase_xlsx
2025-11-07,78.2,111.0,enphase_xlsx
2025-11-08,75.7,106.0,enphase_xlsx
2025-11-09,65.7,84.0,enphase_xlsx
2025-11-10,55.7,81.0,enphase_xlsx
2025-11-11,61.8,85.0,enphase_xlsx
2025-11-12,72.5,99.0,enphase_xlsx
2025-11-14,74.9,94.0,enphase_xlsx
2025-11-15,76.1,99.0,enphase_xlsx
2025-11-16,78.3,102.0,enphase_xlsx
2025-11-17,78.2,97.0,enphase_xlsx
2025-11-18,77.8,96.0,enphase_xlsx
2025-11-19,77.4,88.0,enphase_xlsx
2025-11-20,73.2,87.0,enphase_xlsx
2025-11-21,69.1,85.0,enphase_xlsx
2025-11-22,68.3,92.0,enphase_xlsx
2025-11-23,63.7,70.0,enphase_xlsx
2025-11-24,67.7,75.0,enphase_xlsx
2025-11-25,69.9,100.0,enphase_xlsx
2025-11-26,61.2,81.0,enphase_xlsx
2025-11-27,56.9,70.0,enphase_xlsx
2025-11-28,59.2,75.0,enphase_xlsx
2025-11-29,65.9,82.0,enphase_xlsx
2025-11-30,50.0,59.0,enphase_xlsx
2025-12-01,43.4,45.0,enphase_xlsx
2025-12-02,47.7,73.0,enphase_xlsx
2025-12-03,52.7,62.0,enphase_xlsx
2025-12-04,49.5,57.0,enphase_xlsx
2025-12-05,49.3,58.0,enphase_xlsx
2025-12-06,64.7,94.0,enphase_xlsx
2025-12-07,62.8,83.0,enphase_xlsx
2025-12-08,52.8,77.0,enphase_xlsx
2025-12-09,57.7,84.0,enphase_xlsx
2025-12-10,62.7,81.0,enphase_xlsx
2025-12-11,60.9,88.0,enphase_xlsx
2025-12-12,63.3,80.0,enphase_xlsx
2025-12-13,69.2,91.0,enphase_xlsx
2025-12-14,48.3,66.0,enphase_xlsx
2025-12-15,48.5,74.0,enphase_xlsx
2025-12-16,53.5,59.0,enphase_xlsx
2025-12-17,60.7,64.0,enphase_xlsx
2025-12-18,67.4,91.0,enphase_xlsx
2025-12-19,60.1,84.0,enphase_xlsx
2025-12-20,67.0,89.0,enphase_xlsx
2025-12-21,55.3,65.0,enphase_xlsx
2025-12-22,54.7,69.0,enphase_xlsx
2025-12-23,73.1,90.0,enphase_xlsx
2025-12-24,71.1,92.0,enphase_xlsx
2025-12-25,69.6,77.0,enphase_xlsx
2025-12-26,76.5,100.0,enphase_xlsx
2025-12-27,72.9,85.0,enphase_xlsx
2025-12-28,70.7,91.0,enphase_xlsx
2025-12-29,46.4,54.0,enphase_xlsx
2025-12-30,52.2,80.0,enphase_xlsx
2025-12-31,59.5,89.0,enphase_xlsx
2026-03-21,79.7,104.0,ura_energy_daily
2026-03-26,77.6,97.0,ura_energy_daily
2026-03-27,73.8,97.0,ura_energy_daily
2026-04-12,71.9,77.0,ura_energy_daily
2026-04-13,77.4,91.0,ura_energy_daily
2026-04-14,76.0,86.0,ura_energy_daily
2026-04-15,75.6,83.0,ura_energy_daily
2026-04-22,70.9,83.0,ura_energy_daily
2026-04-24,82.2,101.0,ura_energy_daily
2026-04-25,81.2,99.0,ura_energy_daily
2026-04-28,81.9,90.0,ura_energy_daily
2026-04-30,64.7,69.0,ura_energy_daily
2026-05-01,58.2,63.0,ura_energy_daily
2026-05-02,64.1,84.0,ura_energy_daily
2026-05-03,71.4,93.0,ura_energy_daily
2026-05-04,72.9,88.0,ura_energy_daily
2026-05-05,77.6,90.0,ura_energy_daily
2026-05-06,73.5,92.0,ura_energy_daily
2026-05-09,80.7,104.0,ura_energy_daily
2026-05-10,80.7,98.0,ura_energy_daily
2026-05-12,77.4,102.0,ura_energy_daily
2026-05-13,81.6,103.0,ura_energy_daily
2026-05-16,80.1,93.0,ura_energy_daily
2026-05-17,80.5,86.0,ura_energy_daily
2026-05-18,83.5,95.0,ura_energy_daily
2026-05-19,84.1,103.0,ura_energy_daily
2026-05-20,74.9,92.0,ura_energy_daily
2026-05-22,75.9,89.0,ura_energy_daily
2026-05-23,75.7,87.0,ura_energy_daily
2026-05-24,79.9,97.0,ura_energy_daily
2026-05-25,76.9,93.0,ura_energy_daily
2026-05-26,76.6,92.0,ura_energy_daily
2026-05-27,69.7,80.0,ura_energy_daily
2026-05-29,83.8,102.0,ura_energy_daily
2026-06-01,84.2,97.0,ura_energy_daily
2026-06-02,84.6,102.0,ura_energy_daily
2026-06-04,77.4,86.0,ura_energy_daily
2026-06-05,77.9,85.0,ura_energy_daily
2026-06-06,82.3,98.0,ura_energy_daily
2026-06-07,85.3,94.0,ura_energy_daily
2026-06-08,83.8,98.0,ura_energy_daily
2026-06-09,83.4,94.0,ura_energy_daily
2026-06-10,85.9,100.0,ura_energy_daily
2026-06-12,84.7,95.0,ura_energy_daily
2026-06-13,85.1,98.0,ura_energy_daily
2026-06-14,85.1,99.0,ura_energy_daily
2026-06-15,78.1,92.0,ura_energy_daily
2026-06-16,83.2,101.0,ura_energy_daily
2026-06-17,83.9,98.0,ura_energy_daily
2026-06-20,81.6,95.0,ura_energy_daily
2026-06-21,83.6,97.0,ura_energy_daily
2026-06-22,86.9,100.0,ura_energy_daily
2026-06-23,86.5,97.0,ura_energy_daily
2026-06-24,86.2,100.0,ura_energy_daily
2026-06-25,84.3,97.0,ura_energy_daily
2026-06-26,85.9,100.0,ura_energy_daily
2026-06-27,86.7,100.0,ura_energy_daily
2026-06-28,86.5,99.0,ura_energy_daily
2026-06-29,86.9,101.0,ura_energy_daily
2026-06-30,87.3,101.0,ura_energy_daily
2026-07-03,88.2,102.0,ura_energy_daily
2026-07-04,89.0,103.0,ura_energy_daily
2026-07-05,88.1,104.0,ura_energy_daily
2026-07-06,87.6,104.0,ura_energy_daily
2026-07-07,88.4,106.0,ura_energy_daily
2026-07-08,89.2,105.0,ura_energy_daily
2026-07-09,88.7,107.0,ura_energy_daily
2026-07-11,80.9,94.0,ura_energy_daily
2026-07-13,81.9,103.0,ura_energy_daily
2026-07-14,77.3,82.0,ura_energy_daily
2026-07-15,73.7,77.0,ura_energy_daily
